actual_target,predicted_target,probability_non_churn,probability_churn
0,0,1.0,0.0
1,1,0.011382366772562559,0.9886176332274375
0,0,1.0,0.0
0,0,0.5268894781793133,0.47311052182068664
1,0,0.8771241498453464,0.12287585015465372
0,0,1.0,0.0
1,1,0.19159697190878072,0.8084030280912193
0,1,0.0093297581072043,0.9906702418927957
1,0,0.9992010414672904,0.0007989585327095139
0,0,0.9536716366621579,0.04632836333784201
0,0,0.9919394574893418,0.00806054251065825
0,0,1.0,0.0
0,0,1.0,0.0
0,0,0.7653484177648983,0.23465158223510166
0,0,0.9999998933623484,1.0663765163827222e-07
0,0,0.9999999495642445,5.043575543745859e-08
0,0,1.0,0.0
0,0,0.9988191799458597,0.0011808200541403913
0,0,1.0,0.0
0,0,0.9998444931361623,0.00015550686383769007
0,0,0.9994127295168928,0.0005872704831072554
0,0,1.0,0.0
0,0,1.0,0.0
1,0,0.980143616919611,0.01985638308038901
1,1,0.011499441821049493,0.9885005581789506
1,0,0.6382455787919992,0.3617544212080007
0,0,0.5767509422353604,0.42324905776463956
0,0,1.0,0.0
1,0,0.9999999366721097,6.332789028796471e-08
1,0,0.9990497517459717,0.0009502482540282706
0,0,0.9996553436871847,0.0003446563128152567
0,0,0.9986840261653556,0.0013159738346444469
1,0,0.9811891438271089,0.018810856172891122
0,0,1.0,0.0
1,1,0.10184917093881914,0.8981508290611808
0,0,0.9999997845321426,2.1546785734233362e-07
0,0,1.0,0.0
1,1,0.0052138557324139774,0.9947861442675859
0,0,1.0,0.0
0,0,1.0,0.0
1,1,0.011771822546249904,0.9882281774537501
0,0,0.9951822186514055,0.004817781348594491
0,0,1.0,0.0
0,0,0.9999991727100076,8.272899923547478e-07
0,0,0.8942284525685679,0.10577154743143219
0,0,1.0,0.0
1,1,0.11762693742226331,0.8823730625777366
0,0,0.9998599506085661,0.00014004939143385473
0,0,1.0,0.0
1,1,0.45114610429079,0.54885389570921
1,0,0.8639752521504933,0.1360247478495066
0,0,0.5174423412158405,0.4825576587841595
0,0,1.0,0.0
0,0,0.9998519067348463,0.00014809326515380768
0,0,0.9997250017753491,0.00027499822465097326
1,1,0.01419590437741793,0.9858040956225821
0,0,0.8274979025066628,0.17250209749333728
0,0,1.0,0.0
1,0,0.958494423953572,0.041505576046428024
0,0,1.0,0.0
0,0,0.9018679073484345,0.09813209265156539
1,0,0.9922999731624103,0.007700026837589789
1,1,0.1913481911332456,0.8086518088667544
1,1,0.07604255915003007,0.92395744084997
1,1,0.038490552848810845,0.9615094471511892
0,0,0.9995615528251461,0.0004384471748538634
0,0,0.9999999608433157,3.915668428424298e-08
1,1,0.42620942575929105,0.573790574240709
0,0,1.0,0.0
0,0,0.995251874563389,0.004748125436610928
0,0,1.0,0.0
1,1,0.49723309957567347,0.5027669004243265
0,0,0.9999999492066306,5.079336943211987e-08
1,1,0.09198280124714191,0.9080171987528581
1,1,0.030736156569137307,0.9692638434308627
0,0,1.0,0.0
1,1,0.26872473723999185,0.731275262760008
0,0,1.0,0.0
0,0,0.5793161517675627,0.42068384823243743
0,0,1.0,0.0
1,0,0.986637668916198,0.013362331083802036
0,0,0.9998383427857791,0.00016165721422093865
1,1,0.03383917533959941,0.9661608246604005
0,0,0.8196488154384686,0.18035118456153143
1,0,0.7358057457437339,0.26419425425626597
1,0,0.6946551563137849,0.3053448436862151
0,1,0.29953877604878454,0.7004612239512155
1,1,0.013084566493291474,0.9869154335067085
0,0,1.0,0.0
1,1,0.015710097707044072,0.984289902292956
0,1,0.38532917595560173,0.6146708240443982
0,0,1.0,0.0
0,0,1.0,0.0
0,0,1.0,0.0
0,0,0.9278909627019131,0.07210903729808696
1,0,0.9905506246362801,0.009449375363719982
1,1,0.3480227884722133,0.6519772115277866
0,0,1.0,0.0
0,0,0.998997257013297,0.001002742986703051
0,0,0.9998584394210105,0.00014156057898956134
0,0,0.9747454773527566,0.025254522647243274
0,0,1.0,0.0
1,0,0.5120375555129145,0.4879624444870855
0,0,0.999345573731472,0.0006544262685280335
0,0,1.0,0.0
0,0,1.0,0.0
0,0,0.9917606145689443,0.008239385431055807
0,0,0.9997037865473599,0.0002962134526400651
1,0,1.0,0.0
0,0,1.0,0.0
1,1,0.015503856673365273,0.9844961433266348
0,0,0.9998329019168107,0.00016709808318931876
0,0,0.9926045751177082,0.0073954248822918015
0,0,0.9999998672054986,1.3279450148470066e-07
0,0,1.0,0.0
0,0,0.98607248253242,0.013927517467580064
0,0,1.0,0.0
0,0,0.9873334973875063,0.012666502612493727
1,1,0.27625673595078315,0.7237432640492169
0,0,0.9877593933839414,0.012240606616058735
0,0,0.9999999414179778,5.8582022302264106e-08
1,1,0.4547216649270731,0.5452783350729268
0,0,0.8595275603669447,0.14047243963305536
0,0,1.0,0.0
1,0,0.5745655060245212,0.4254344939754788
0,0,0.9999999531177542,4.6882245693943764e-08
0,0,0.9737214976806671,0.026278502319332996
1,0,1.0,0.0
0,0,1.0,0.0
0,0,0.9869080341070557,0.01309196589294428
0,1,0.32427259450366797,0.675727405496332
0,0,0.9999999379849409,6.20150591811529e-08
0,0,0.999999943026648,5.6973351993251076e-08
0,0,1.0,0.0
0,0,0.9996397248481377,0.00036027515186232807
0,0,1.0,0.0
0,0,1.0,0.0
1,0,0.6903134212309754,0.30968657876902456
1,1,0.02469312694357358,0.9753068730564265
0,0,1.0,0.0
0,1,0.043901460820149014,0.9560985391798509
0,0,0.9347771926593287,0.06522280734067129
0,0,0.9994861714802682,0.0005138285197317694
0,0,1.0,0.0
0,0,0.8794926975203674,0.12050730247963254
1,1,0.2429524669078913,0.7570475330921087
0,0,0.995313436534656,0.00468656346534404
0,0,0.9988642156404086,0.0011357843595914394
0,0,0.9999999530490634,4.69509365442424e-08
1,1,0.01643879831221013,0.9835612016877898
1,1,0.010955872443713868,0.9890441275562862
1,0,1.0,0.0
1,1,0.2116499876787075,0.7883500123212924
0,0,1.0,0.0
0,0,1.0,0.0
1,1,0.031038392123877132,0.9689616078761228
0,1,0.25548565967813414,0.7445143403218659
0,0,1.0,0.0
0,0,0.999754742823109,0.0002452571768909229
1,1,0.020336120807509062,0.979663879192491
1,0,0.9794330679494717,0.02056693205052828
1,0,1.0,0.0
0,0,0.9838463771574854,0.016153622842514752
0,0,0.7955457395518543,0.20445426044814563
0,0,1.0,0.0
0,0,0.9964796745331804,0.003520325466819518
1,1,0.023374265537494093,0.9766257344625059
0,0,1.0,0.0
0,1,0.36282436173645244,0.6371756382635475
0,0,0.9638960898698665,0.036103910130133546
1,1,0.025612044405777013,0.974387955594223
0,0,1.0,0.0
0,0,1.0,0.0
1,1,0.2723448030160718,0.7276551969839281
1,1,0.42524047223459005,0.57475952776541
0,0,0.9999998449123,1.5508769994179104e-07
0,0,1.0,0.0
0,0,0.9942923519269973,0.005707648073002707
0,0,1.0,0.0
0,0,1.0,0.0
1,0,0.9648438033257601,0.03515619667423987
0,0,0.8961127710087005,0.10388722899129953
1,1,0.009864815611376407,0.9901351843886236
1,1,0.3230220516321028,0.6769779483678973
0,0,0.9916246936140233,0.008375306385976639
0,0,1.0,0.0
0,1,0.13108460626821847,0.8689153937317814
1,1,0.049130868128469875,0.95086913187153
1,1,0.23475850168123683,0.7652414983187632
1,1,0.005950578594795476,0.9940494214052045
0,0,1.0,0.0
0,0,1.0,0.0
0,0,1.0,0.0
0,0,0.9714714478484727,0.028528552151527223
0,1,0.17642613544630037,0.8235738645536997
0,0,1.0,0.0
0,0,1.0,0.0
0,1,0.44789216481770955,0.5521078351822903
0,0,0.9942464654794327,0.005753534520567297
0,0,0.763782330183951,0.2362176698160489
0,0,0.8845207913710934,0.11547920862890652
0,1,0.22258956889632514,0.7774104311036748
1,0,0.5754085103077494,0.4245914896922505
0,0,1.0,0.0
1,1,0.4355611551140951,0.564438844885905
0,1,0.13032996158994828,0.8696700384100516
0,0,1.0,0.0
1,1,0.023355111334385708,0.9766448886656144
0,0,0.5195151512342709,0.48048484876572906
0,0,0.9999998532026301,1.4679736993306857e-07
0,1,0.46229349762497335,0.5377065023750266
1,1,0.49963651434791156,0.5003634856520884
0,0,0.9872697677070488,0.012730232292951235
0,0,1.0,0.0
0,0,0.9864039790354583,0.013596020964541744
0,0,1.0,0.0
0,0,0.7984068721412105,0.20159312785878936
0,0,0.9958401956220618,0.0041598043779382445
1,0,0.6699517770320765,0.3300482229679235
0,0,1.0,0.0
0,0,1.0,0.0
0,1,0.1320283715017472,0.8679716284982528
0,0,0.6675871387183577,0.3324128612816422
1,1,0.29470992975665344,0.7052900702433464
0,1,0.007369331452695938,0.9926306685473041
0,0,1.0,0.0
0,0,0.9969376306060865,0.003062369393913464
1,0,0.9875436082782055,0.012456391721794488
0,0,0.6952475237815142,0.30475247621848567
1,1,0.2856739571609165,0.7143260428390835
1,1,0.16719249798857952,0.8328075020114204
0,1,0.32232768425058883,0.6776723157494111
0,0,0.9999998991359332,1.008640667136102e-07
0,0,0.9999998419008335,1.580991665273217e-07
0,0,1.0,0.0
0,0,0.978564241908138,0.02143575809186195
0,0,0.9993762543356821,0.0006237456643177886
0,0,1.0,0.0
0,0,1.0,0.0
0,0,0.7757003257344353,0.2242996742655648
1,0,0.9096187679322555,0.0903812320677444
0,0,0.9899537466741718,0.010046253325828262
0,1,0.20591601040406785,0.7940839895959321
1,0,0.9961380569925625,0.003861943007437509
0,0,1.0,0.0
0,0,1.0,0.0
0,0,1.0,0.0
1,1,0.03716142901751694,0.962838570982483
0,0,0.9728971333142594,0.027102866685740495
0,0,1.0,0.0
0,0,1.0,0.0
0,0,0.9409361857222627,0.05906381427773732
0,0,0.9996068331216776,0.0003931668783222909
0,0,1.0,0.0
1,0,0.7334276568025634,0.2665723431974367
0,1,0.25958362735438467,0.7404163726456153
0,0,0.8536597899616535,0.14634021003834657
0,0,0.9747852168491897,0.025214783150810244
0,0,1.0,0.0
0,0,1.0,0.0
0,0,0.9999998665714568,1.3342854314810835e-07
0,0,0.9999999560931486,4.3906851406643e-08
0,0,0.9255111773026943,0.07448882269730571
0,1,0.025870045282041447,0.9741299547179585
1,1,0.39783325397841585,0.6021667460215843
0,0,0.9960184547434481,0.003981545256551816
0,0,0.7001526318985668,0.2998473681014332
1,0,0.9853793972080221,0.014620602791977919
0,0,1.0,0.0
0,0,0.8494207939677065,0.15057920603229336
0,0,0.999660231630214,0.0003397683697860068
0,0,1.0,0.0
0,0,1.0,0.0
1,0,0.5754009257555696,0.4245990742444305
1,1,0.4386967458211651,0.561303254178835
0,0,0.9827108278037605,0.017289172196239544
1,1,0.3962126600742058,0.6037873399257944
1,0,0.5235571804702438,0.4764428195297562
0,0,1.0,0.0
0,0,1.0,0.0
0,0,0.9959215657719235,0.004078434228076547
0,0,1.0,0.0
0,0,1.0,0.0
0,0,1.0,0.0
0,0,1.0,0.0
1,1,0.03625495304330716,0.9637450469566928
0,0,0.9966325456260963,0.003367454373903614
0,0,1.0,0.0
0,0,0.9997592896423395,0.000240710357660529
0,0,1.0,0.0
0,0,1.0,0.0
0,0,0.9924750245655418,0.007524975434458207
0,0,0.9883539959523615,0.011646004047638547
0,0,0.9928544917326934,0.0071455082673067055
0,0,1.0,0.0
0,0,0.9630361594547703,0.036963840545229734
0,0,0.9723672609072503,0.02763273909274964
1,0,0.8412975798421745,0.15870242015782557
0,0,0.9872155897105739,0.012784410289426165
0,0,1.0,0.0
1,1,0.40173674117168334,0.5982632588283165
1,1,0.025963384983031853,0.9740366150169681
1,1,0.015856366518869538,0.9841436334811305
0,0,0.9865693102381702,0.013430689761829831
0,0,0.8172938398091762,0.18270616019082386
0,1,0.1001301417990943,0.8998698582009056
1,0,1.0,0.0
0,1,0.25667082938456676,0.7433291706154332
0,0,0.9547422703518068,0.04525772964819313
1,1,0.012209912528700578,0.9877900874712995
1,1,0.022592839605587507,0.9774071603944126
0,0,0.9998707969242902,0.00012920307570986342
1,0,0.6191039788093565,0.3808960211906435
0,0,0.9999998716212566,1.2837874335174844e-07
0,0,1.0,0.0
0,0,1.0,0.0
0,0,1.0,0.0
0,0,1.0,0.0
1,1,0.33329910255439077,0.6667008974456092
1,0,0.7948471815361648,0.20515281846383518
0,0,1.0,0.0
0,0,0.6932103059844019,0.30678969401559797
1,0,0.569101696200993,0.43089830379900684
1,0,0.8223380518934374,0.17766194810656258
0,1,0.030595279168678883,0.9694047208313211
0,0,0.6262089505572791,0.3737910494427209
1,1,0.05991304369069756,0.9400869563093024
0,0,0.9997920538829428,0.00020794611705728916
1,1,0.057078985139450235,0.9429210148605498
1,0,0.957937630257226,0.04206236974277406
1,1,0.01292469993600237,0.9870753000639977
0,0,1.0,0.0
0,0,1.0,0.0
0,0,0.9837500815243618,0.01624991847563816
0,0,1.0,0.0
0,0,1.0,0.0
1,0,0.607669996331302,0.3923300036686979
0,1,0.12705333388786474,0.8729466661121352
0,0,1.0,0.0
0,0,1.0,0.0
0,1,0.1700557243865863,0.8299442756134138
0,0,1.0,0.0
1,1,0.03057735097468684,0.9694226490253133
0,1,0.37242940070390607,0.627570599296094
0,0,1.0,0.0
0,0,0.9991976831202375,0.0008023168797626284
0,0,0.9999998890665867,1.1093341346353625e-07
0,0,1.0,0.0
0,0,0.9993915892233866,0.0006084107766134283
0,0,0.9871164931842784,0.012883506815721549
0,0,1.0,0.0
0,0,1.0,0.0
1,1,0.09782383867801002,0.90217616132199
1,1,0.09762491704395229,0.9023750829560477
1,0,1.0,0.0
0,0,1.0,0.0
0,0,0.9999995350135272,4.64986472783724e-07
0,0,0.8082997519126851,0.19170024808731487
1,0,1.0,0.0
0,0,0.9844086569824665,0.015591343017533565
0,0,0.9937082964237312,0.0062917035762688305
0,0,0.9999999335688593,6.643114065802877e-08
0,0,0.9999992873575703,7.126424298276358e-07
0,0,0.9997914920525398,0.00020850794746025663
1,1,0.16889250365436498,0.831107496345635
1,1,0.3261974851207729,0.673802514879227
0,0,1.0,0.0
1,1,0.04462679312366636,0.9553732068763336
0,0,0.8086617463293839,0.19133825367061605
1,1,0.27494053521245165,0.7250594647875482
0,0,1.0,0.0
0,0,0.8243151774738875,0.1756848225261126
0,0,0.835633369861638,0.16436663013836197
0,0,1.0,0.0
0,1,0.07648522038814462,0.9235147796118554
0,0,0.8127289509840382,0.1872710490159618
0,0,1.0,0.0
0,0,0.9997660553875674,0.0002339446124327006
0,0,0.9957665311116556,0.004233468888344437
0,0,1.0,0.0
0,0,1.0,0.0
1,0,0.5078742639896798,0.49212573601032017
0,0,0.9822766665808697,0.017723333419130283
0,0,1.0,0.0
0,0,0.9945422062230195,0.005457793776980551
1,1,0.016879087829931506,0.9831209121700685
1,0,0.5442286168942431,0.45577138310575704
0,0,0.6078017979664813,0.39219820203351885
1,0,0.6250412229117636,0.37495877708823644
0,0,1.0,0.0
1,0,0.9876859358627288,0.012314064137271223
0,0,1.0,0.0
0,1,0.25608009052229747,0.7439199094777025
1,0,0.9631880292434116,0.0368119707565884
0,1,0.06221555299798056,0.9377844470020195
0,0,0.9999999444373656,5.5562634267375103e-08
1,1,0.15777536973409131,0.8422246302659087
0,0,0.9999999467312942,5.326870570119258e-08
0,0,0.819348973388477,0.1806510266115229
1,0,0.9968907864656684,0.0031092135343316336
0,0,1.0,0.0
1,0,0.9662435385130128,0.03375646148698707
1,1,0.22056583295360563,0.7794341670463943
0,0,0.9999999485388813,5.146111872019218e-08
1,0,0.7032168264917643,0.29678317350823574
0,0,0.9999998527403655,1.4725963450211748e-07
0,0,0.938511042323344,0.061488957676655825
0,0,0.9992516704648641,0.0007483295351359065
1,0,0.5835832011081082,0.41641679889189165
0,0,0.963369264246912,0.0366307357530879
1,0,0.5053370853442315,0.49466291465576856
1,1,0.09104857459663146,0.9089514254033685
0,0,0.6102646461282786,0.3897353538717215
0,0,0.601881825083262,0.398118174916738
1,0,0.6294327336158814,0.37056726638411863
0,0,1.0,0.0
0,0,1.0,0.0
0,1,0.10703088859903194,0.8929691114009681
1,1,0.026838754390212917,0.9731612456097871
0,0,1.0,0.0
0,0,0.9850171535218178,0.014982846478182172
0,0,0.9854758902769952,0.014524109723004821
0,0,0.9921365890715197,0.00786341092848039
0,0,1.0,0.0
0,0,0.9999999500295143,4.9970485723449354e-08
0,0,0.996004703054894,0.0039952969451059655
0,0,0.9999998437715402,1.5622845984340215e-07
0,0,0.933398327323642,0.06660167267635794
1,1,0.0062366050982508945,0.993763394901749
0,0,1.0,0.0
0,0,0.9472636043909517,0.05273639560904833
0,0,0.9970109695357078,0.002989030464292326
1,0,0.6412723083314317,0.3587276916685684
0,0,0.9992112634861166,0.0007887365138834534
1,0,0.6720717251157043,0.32792827488429555
0,0,0.9999991568465595,8.431534405080581e-07
1,0,0.8170371991278534,0.18296280087214653
1,1,0.02262244616778747,0.9773775538322125
1,1,0.43666171291478595,0.5633382870852139
0,0,0.8615594512474095,0.13844054875259046
0,0,0.9994249845982225,0.0005750154017775132
0,0,0.5264733493885319,0.47352665061146815
1,1,0.26867809079089977,0.7313219092091003
1,1,0.17294616820359388,0.8270538317964062
0,0,0.725905480507117,0.27409451949288305
0,0,0.98208200546443,0.01791799453556989
0,0,1.0,0.0
1,1,0.02362587729087469,0.9763741227091254
0,0,1.0,0.0
0,0,0.7875772268204985,0.21242277317950156
1,0,0.9882759760428752,0.011724023957124819
0,0,1.0,0.0
0,0,1.0,0.0
0,0,0.8701526244864124,0.12984737551358758
0,1,0.40825341107148533,0.5917465889285146
1,1,0.20420916392389288,0.7957908360761071
0,0,0.9790410559631673,0.020958944036832662
1,1,0.30331785580965054,0.6966821441903495
1,0,0.6606184249463526,0.33938157505364736
0,0,0.9998539103710506,0.0001460896289494378
1,1,0.041796230555819026,0.958203769444181
0,0,0.999823674247628,0.00017632575237211753
0,0,0.9111676613682903,0.08883233863170978
0,0,0.9962079622949203,0.0037920377050796408
0,0,1.0,0.0
1,1,0.46789412913766126,0.5321058708623387
1,0,0.699006500051122,0.30099349994887803
0,0,0.9906699865364647,0.009330013463535295
0,0,0.9970175822169368,0.0029824177830632655
1,1,0.188440037031366,0.811559962968634
0,0,1.0,0.0
0,0,0.9166683692105158,0.08333163078948425
1,1,0.4084674706194953,0.5915325293805048
0,0,1.0,0.0
1,1,0.03791220914097373,0.9620877908590263
0,0,1.0,0.0
0,0,0.9138689967518295,0.08613100324817055
0,0,0.9999990632029668,9.367970331401831e-07
0,0,1.0,0.0
1,0,0.6920012797510973,0.3079987202489028
0,0,0.5420985615396361,0.45790143846036396
0,1,0.43623240056805385,0.5637675994319461
0,0,0.9980202686999395,0.001979731300060421
0,0,1.0,0.0
0,0,1.0,0.0
0,1,0.21871113129088537,0.7812888687091146
0,0,1.0,0.0
0,0,0.876219124931921,0.123780875068079
1,1,0.01807171428927169,0.9819282857107283
0,0,1.0,0.0
0,0,0.9998137551766624,0.00018624482333763588
0,0,0.993879812718206,0.006120187281793889
0,0,1.0,0.0
0,0,0.9995370662422042,0.0004629337577957831
0,0,1.0,0.0
1,1,0.006512048149706096,0.9934879518502939
1,1,0.0243171472131186,0.9756828527868814
1,0,0.701834185615549,0.298165814384451
0,0,0.9812449494235146,0.018755050576485265
0,1,0.10454878150324491,0.895451218496755
0,0,1.0,0.0
0,0,0.9929210882452115,0.007078911754788368
0,0,0.9998076266332449,0.0001923733667551145
0,0,0.9996448704488795,0.00035512955112046945
1,1,0.33541384607050545,0.6645861539294945
1,1,0.0592298482959285,0.9407701517040714
1,0,0.9158892115838447,0.08411078841615537
0,0,1.0,0.0
0,0,1.0,0.0
1,1,0.009116465965321452,0.9908835340346785
0,0,0.9283488492745896,0.07165115072541045
0,0,0.9999987158036862,1.2841963138590828e-06
0,0,0.9953207641852664,0.004679235814733619
0,0,0.9688722576675843,0.031127742332415564
1,1,0.2871849287320087,0.7128150712679913
0,1,0.15529554585429545,0.8447044541457045
0,0,1.0,0.0
0,0,0.9989702532795101,0.0010297467204899628
0,0,0.9593504391546674,0.040649560845332576
0,0,1.0,0.0
1,1,0.035961057803802446,0.9640389421961975
0,0,0.7468657713289667,0.2531342286710333
0,0,0.9637262812130697,0.036273718786930274
0,0,1.0,0.0
0,0,1.0,0.0
0,0,1.0,0.0
1,0,0.9999979407363134,2.059263686533494e-06
0,0,0.8656575733578349,0.1343424266421652
0,0,0.9920370462577817,0.007962953742218318
1,1,0.19479237918257344,0.8052076208174266
0,0,1.0,0.0
0,0,0.9870859880092732,0.012914011990726892
0,0,0.9999998756608937,1.2433910639537603e-07
1,0,0.8808789004962955,0.11912109950370448
0,0,0.9998326616629555,0.00016733833704454348
0,0,0.9998888148647658,0.00011118513523424013
0,0,1.0,0.0
0,0,1.0,0.0
1,1,0.003313029080303682,0.9966869709196964
0,0,1.0,0.0
0,0,0.9970518705539418,0.0029481294460581664
0,0,1.0,0.0
0,0,1.0,0.0
0,0,1.0,0.0
0,0,1.0,0.0
0,0,0.7908299987765243,0.2091700012234758
0,0,0.5766360598841354,0.4233639401158647
1,0,1.0,0.0
0,0,0.518636360357474,0.48136363964252604
0,0,0.9784901637778975,0.021509836222102376
1,0,0.8913772361579149,0.10862276384208513
0,0,0.9524427058948222,0.04755729410517783
0,0,1.0,0.0
0,0,0.7754272622551098,0.22457273774489012
0,0,1.0,0.0
0,0,0.9976673716141808,0.002332628385819142
1,0,0.8867528352863797,0.11324716471362038
0,0,0.9999999598628567,4.0137143246170035e-08
0,0,0.5781308038385806,0.4218691961614192
0,0,1.0,0.0
0,0,1.0,0.0
0,0,1.0,0.0
1,0,1.0,0.0
0,0,0.9999999073732578,9.262674213740826e-08
0,0,0.9389062385107719,0.061093761489228134
0,0,1.0,0.0
1,1,0.02168390892370932,0.9783160910762907
0,0,1.0,0.0
0,0,0.9537165958914298,0.04628340410857019
1,0,1.0,0.0
0,0,1.0,0.0
1,1,0.0063115335808949825,0.993688466419105
0,0,0.9997905097704375,0.00020949022956249334
0,0,1.0,0.0
0,0,0.9994948972481815,0.000505102751818448
0,0,1.0,0.0
0,0,0.9935969814904667,0.006403018509533312
0,0,1.0,0.0
0,0,1.0,0.0
0,0,0.9996655802194093,0.0003344197805906783
0,0,0.9998549524058725,0.00014504759412752884
0,0,1.0,0.0
0,0,0.9999998536286012,1.4637139883239126e-07
1,1,0.02403766610955997,0.97596233389044
1,0,0.6172561258984868,0.38274387410151317
1,1,0.04804182695438722,0.9519581730456127
0,0,1.0,0.0
0,1,0.2101527648272331,0.7898472351727669
0,0,1.0,0.0
0,0,0.9997316488419469,0.0002683511580530647
1,0,0.8289419076653525,0.1710580923346475
1,1,0.05925139726148967,0.9407486027385105
0,0,0.9999993123029948,6.876970052927914e-07
1,1,0.004625650774684993,0.995374349225315
0,0,1.0,0.0
1,1,0.2513484060484757,0.7486515939515244
0,0,1.0,0.0
0,0,0.9940106562290266,0.005989343770973509
1,1,0.49249895757063333,0.5075010424293668
0,0,1.0,0.0
0,0,0.663764321897205,0.33623567810279503
0,0,0.9996371000650961,0.0003628999349040001
1,1,0.1695193541164279,0.8304806458835722
0,0,1.0,0.0
0,0,0.6963900172679381,0.30360998273206186
1,1,0.38091947682947913,0.6190805231705209
1,1,0.012315967215423688,0.9876840327845764
0,1,0.11161931194033921,0.8883806880596609
0,0,0.9999999515333335,4.846666644144597e-08
1,0,0.5621125118936446,0.43788748810635536
1,0,0.9650445399033809,0.03495546009661903
1,0,0.9842682500398883,0.015731749960111854
0,0,0.9983216600155556,0.0016783399844445246
0,0,0.9975227338442426,0.0024772661557574322
0,0,1.0,0.0
0,0,0.9865974925195797,0.013402507480420277
0,1,0.08033576158189228,0.9196642384181077
0,0,0.9036060400765876,0.0963939599234124
0,0,0.9994109697892165,0.0005890302107834028
0,1,0.04125121335976517,0.9587487866402348
1,0,0.8070152644340469,0.192984735565953
0,0,0.9998057622006563,0.000194237799343697
0,0,0.9997798456448428,0.00022015435515717786
1,1,0.4433865735646913,0.5566134264353086
0,0,0.5464169374682978,0.45358306253170216
1,1,0.05130697886416376,0.9486930211358362
0,0,0.9999996519512732,3.480487267980508e-07
1,1,0.445516711680845,0.554483288319155
1,0,0.8757109265457029,0.12428907345429709
1,0,0.7834600517577098,0.2165399482422901
0,0,0.9926436687917907,0.007356331208209335
1,1,0.025895415027361538,0.9741045849726384
0,0,0.9995052631292662,0.0004947368707336606
1,0,0.9993553086272735,0.0006446913727264945
1,0,1.0,0.0
1,0,0.5210020179632355,0.47899798203676447
0,0,0.9998690522941093,0.00013094770589074507
0,0,1.0,0.0
0,0,1.0,0.0
0,1,0.13536994728845683,0.8646300527115431
1,0,0.817054115432315,0.1829458845676849
0,0,0.6454657224637113,0.35453427753628863
0,0,0.9962149236052462,0.003785076394753716
0,0,1.0,0.0
1,0,1.0,0.0
1,1,0.03783311128203815,0.9621668887179619
0,0,0.9826370307669618,0.017362969233038095
0,0,1.0,0.0
0,0,0.8252385066101617,0.17476149338983824
1,0,0.9490629034188599,0.05093709658114018
0,0,1.0,0.0
1,1,0.043708140841114095,0.9562918591588859
1,1,0.0043472998559114925,0.9956527001440886
0,0,0.992845412184366,0.007154587815633939
1,1,0.35996824360945745,0.6400317563905425
0,0,0.9873604236043594,0.0126395763956407
0,0,1.0,0.0
0,0,0.9838415107051814,0.016158489294818622
0,0,0.9997402578646418,0.00025974213535815733
1,0,1.0,0.0
0,0,0.9757889352306431,0.024211064769356944
0,0,0.9999999683978475,3.160215245206139e-08
0,0,1.0,0.0
0,0,1.0,0.0
1,1,0.20732680999386122,0.7926731900061388
1,1,0.051069100895643496,0.9489308991043565
1,0,0.9484826995609704,0.0515173004390296
0,0,1.0,0.0
0,0,1.0,0.0
0,0,0.9999999215491915,7.845080856979326e-08
0,0,1.0,0.0
0,0,1.0,0.0
0,0,1.0,0.0
0,0,0.9965801220824341,0.0034198779175659863
1,1,0.02092721639939826,0.9790727836006018
1,0,0.9999999202463431,7.975365684790991e-08
0,0,0.9228246692396335,0.07717533076036648
1,0,0.716395487443276,0.2836045125567241
0,0,1.0,0.0
0,0,1.0,0.0
0,0,1.0,0.0
0,0,1.0,0.0
1,0,0.9872726466850534,0.012727353314946531
0,0,1.0,0.0
0,0,1.0,0.0
0,0,1.0,0.0
1,1,0.0023465557686738986,0.9976534442313261
0,0,1.0,0.0
1,0,0.9999998923495091,1.0765049090767036e-07
1,0,0.9707930969126024,0.02920690308739764
0,0,1.0,0.0
0,0,1.0,0.0
0,0,0.9998306247670301,0.0001693752329699427
0,0,1.0,0.0
0,0,1.0,0.0
0,0,0.7231150887599636,0.2768849112400365
0,0,0.9919217215178983,0.008078278482101778
0,0,0.9959922269979373,0.004007773002062666
1,1,0.0294633609677115,0.9705366390322885
1,0,0.728063066498222,0.271936933501778
0,0,0.6535544670358735,0.3464455329641265
0,0,1.0,0.0
0,0,0.7175041950449365,0.28249580495506355
0,0,1.0,0.0
0,0,0.907532290824015,0.09246770917598511
1,0,0.6386098949793554,0.3613901050206445
0,0,0.8979617487335193,0.10203825126648075
0,0,1.0,0.0
0,0,1.0,0.0
0,0,0.835435613338954,0.164564386661046
1,0,0.9471644898068939,0.05283551019310614
0,0,1.0,0.0
0,0,1.0,0.0
1,1,0.03668924814706807,0.963310751852932
0,0,0.9998647509848053,0.00013524901519472421
0,0,0.6016067393531485,0.39839326064685154
1,0,0.6938628883707464,0.3061371116292536
1,1,0.013693376483844385,0.9863066235161556
1,1,0.0252316454304596,0.9747683545695404
0,1,0.14876080534789426,0.8512391946521057
0,0,1.0,0.0
0,1,0.06552551903264245,0.9344744809673575
0,0,0.9997509108513479,0.00024908914865204605
1,1,0.04496566474974448,0.9550343352502556
0,0,0.9928167193879327,0.007183280612067331
0,0,0.9993785679783237,0.0006214320216762318
0,0,0.9996144733881713,0.00038552661182871873
0,0,0.9975055497213644,0.0024944502786355583
0,0,0.9996116298725648,0.00038837012743519003
0,0,0.9514040457682135,0.04859595423178652
0,0,1.0,0.0
0,0,1.0,0.0
1,0,0.885621456024245,0.11437854397575503
0,0,0.9990720367773159,0.0009279632226840447
0,0,1.0,0.0
0,0,0.9920589440326164,0.00794105596738365
1,1,0.03208301598014695,0.967916984019853
0,0,0.9999998656506602,1.3434933971962624e-07
0,0,0.9561765732331192,0.04382342676688083
0,0,0.9312627494757606,0.06873725052423939
1,1,0.08839129316191703,0.911608706838083
0,0,1.0,0.0
0,0,0.7001910070761463,0.29980899292385366
0,1,0.3056723651417647,0.6943276348582352
0,0,0.8015965595869542,0.19840344041304572
0,0,0.5114119179223827,0.4885880820776172
0,0,0.9999999547183207,4.528167920998383e-08
0,0,1.0,0.0
1,1,0.0409428935725327,0.9590571064274672
0,0,1.0,0.0
1,1,0.13603054957197855,0.8639694504280214
0,0,1.0,0.0
1,0,0.8557683997522892,0.1442316002477107
0,0,1.0,0.0
0,0,1.0,0.0
0,0,0.7520000512936262,0.24799994870637376
1,1,0.18052116828123202,0.819478831718768
1,0,0.7959272412995704,0.20407275870042962
1,1,0.0364189476479256,0.9635810523520744
0,0,0.9693647378400085,0.030635262159991374
1,1,0.044740698878781925,0.9552593011212179
0,0,0.9999992080584063,7.919415938487464e-07
1,0,0.5155672710118773,0.4844327289881227
1,1,0.4420457599021979,0.5579542400978019
0,0,1.0,0.0
1,1,0.0498530637992139,0.950146936200786
0,0,0.9444619362242339,0.055538063775765964
0,0,0.9501671286234626,0.049832871376537406
1,1,0.027045158407306626,0.9729548415926934
1,1,0.2580831758739258,0.7419168241260742
0,0,0.9985793416322071,0.0014206583677928725
0,0,0.9068041541761775,0.09319584582382251
0,0,1.0,0.0
1,1,0.11571056913723037,0.8842894308627696
0,0,0.9987585988247795,0.0012414011752205445
0,0,0.9860133621448004,0.013986637855199706
0,0,1.0,0.0
0,0,1.0,0.0
1,1,0.10736261694444764,0.8926373830555524
0,0,1.0,0.0
0,0,0.9989268402226864,0.0010731597773135607
0,0,1.0,0.0
0,0,1.0,0.0
0,0,1.0,0.0
0,0,1.0,0.0
0,1,0.2963026002311777,0.7036973997688224
1,1,0.036327535218696534,0.9636724647813034
0,0,1.0,0.0
0,0,1.0,0.0
0,1,0.0951238209001389,0.9048761790998612
0,0,0.8131760068055874,0.1868239931944126
1,1,0.013015328081413891,0.9869846719185862
0,0,0.98468361483091,0.015316385169089876
0,0,1.0,0.0
1,0,0.6339411858836883,0.36605881411631175
1,1,0.0815209722481232,0.9184790277518767
0,0,1.0,0.0
1,1,0.05427218261146238,0.9457278173885376
0,0,1.0,0.0
1,1,0.4936148021611802,0.5063851978388197
0,0,0.9994424510549603,0.0005575489450397214
0,0,0.8750366474694186,0.1249633525305815
1,0,0.9604312335107291,0.03956876648927091
0,0,1.0,0.0
0,0,0.7908138673277508,0.20918613267224928
0,0,0.555167859095209,0.44483214090479095
0,0,0.9995973149753699,0.0004026850246301602
0,0,0.9999993219907756,6.780092244775286e-07
1,0,0.848095724919477,0.1519042750805231
0,1,0.1494991737742348,0.8505008262257653
0,0,0.9999999478799957,5.2120004361325535e-08
1,1,0.04101626215529375,0.9589837378447063
0,0,0.9187649748135004,0.08123502518649962
0,0,1.0,0.0
0,0,0.9528850080759371,0.04711499192406281
0,1,0.2851728611573533,0.7148271388426467
1,0,0.5217503246289054,0.47824967537109475
0,0,0.6936496229762303,0.3063503770237696
0,0,1.0,0.0
0,0,1.0,0.0
1,1,0.19111198513376065,0.8088880148662393
0,0,1.0,0.0
0,0,0.9993514184632863,0.0006485815367135212
0,0,0.9890291722396889,0.010970827760311141
0,1,0.00935371960850812,0.9906462803914919
0,0,0.9999999034357242,9.656427574598277e-08
0,0,1.0,0.0
1,1,0.29788747124680526,0.7021125287531949
0,0,1.0,0.0
0,0,0.9979739499762128,0.0020260500237871577
0,0,1.0,0.0
0,0,1.0,0.0
0,0,1.0,0.0
0,0,0.9826836693478505,0.01731633065214954
1,0,0.6407482365335218,0.35925176346647825
0,0,0.9997617675747935,0.00023823242520645919
0,0,0.5079239320699772,0.4920760679300229
0,0,1.0,0.0
0,0,0.999632847438634,0.00036715256136595674
0,0,1.0,0.0
0,0,0.9799859171184195,0.020014082881580488
0,1,0.38341235340613883,0.6165876465938611
0,0,0.99963177733508,0.00036822266491996547
0,0,1.0,0.0
0,0,1.0,0.0
0,0,0.9998724214117952,0.0001275785882048077
0,0,1.0,0.0
0,1,0.4061085765822625,0.5938914234177375
0,0,1.0,0.0
0,0,1.0,0.0
0,0,1.0,0.0
1,0,1.0,0.0
1,1,0.29251965988894035,0.7074803401110596
0,0,1.0,0.0
0,0,0.9951245351831688,0.0048754648168311395
0,1,0.2678371836081364,0.7321628163918635
0,0,1.0,0.0
1,0,1.0,0.0
0,0,0.999999915660922,8.43390781508229e-08
1,1,0.389252168282876,0.6107478317171239
0,0,1.0,0.0
0,0,0.9994217422947693,0.0005782577052306806
1,1,0.05411898600993201,0.945881013990068
0,0,1.0,0.0
1,0,0.5111701085511288,0.4888298914488714
1,0,0.5137913073964082,0.48620869260359184
1,1,0.0684654795420033,0.9315345204579967
0,0,1.0,0.0
0,1,0.094658396240579,0.905341603759421
0,0,0.9999999569533964,4.3046603580703995e-08
0,0,1.0,0.0
0,0,0.9999999388091464,6.119085370336309e-08
0,0,1.0,0.0
0,0,1.0,0.0
0,0,1.0,0.0
0,1,0.23039460602399167,0.7696053939760082
0,0,1.0,0.0
0,0,0.9991251094210092,0.0008748905789907678
0,0,0.5964593227219923,0.40354067727800763
0,0,1.0,0.0
0,0,0.9881869519716637,0.011813048028336342
1,1,0.03211591169884584,0.9678840883011541
0,0,0.9207239617616942,0.07927603823830572
0,0,1.0,0.0
1,1,0.38321155286806763,0.6167884471319324
0,0,0.9997855166656956,0.000214483334304423
1,1,0.41109442086405396,0.5889055791359461
0,0,0.9870787429809521,0.01292125701904798
0,0,0.9995505842482414,0.000449415751758658
1,0,0.7297317171014304,0.27026828289856963
0,1,0.060244575022509565,0.9397554249774903
1,1,0.11059553738458201,0.889404462615418
0,0,1.0,0.0
1,1,0.0004860230844655526,0.9995139769155345
0,0,1.0,0.0
0,1,0.20714535534513773,0.7928546446548623
0,0,0.9967598184343198,0.003240181565680248
1,1,0.03607320192955587,0.9639267980704441
0,0,0.9999999269800399,7.301996010198092e-08
0,0,1.0,0.0
0,0,0.7199895745263323,0.2800104254736678
0,0,0.9996249200531994,0.00037507994680062873
0,0,0.9960641663879352,0.003935833612064751
0,0,1.0,0.0
0,1,0.04865978530185654,0.9513402146981436
0,0,0.8354811596150702,0.16451884038492978
1,0,1.0,0.0
0,0,0.9970073007987932,0.002992699201206813
1,0,0.5950892028989081,0.40491079710109196
0,0,0.9997350856359541,0.00026491436404579545
0,0,1.0,0.0
1,1,0.043999445241519386,0.9560005547584807
0,0,0.7589200301244275,0.2410799698755724
0,0,1.0,0.0
1,0,0.9994314837472077,0.0005685162527922702
1,1,0.08642527342128628,0.9135747265787137
0,0,0.9999998086311819,1.913688180667188e-07
0,0,1.0,0.0
0,0,1.0,0.0
0,0,1.0,0.0
0,0,1.0,0.0
1,0,0.8714087128068467,0.12859128719315333
1,1,0.007294899506309522,0.9927051004936905
1,0,0.99780257982827,0.0021974201717300406
1,0,0.9550819104489765,0.04491808955102361
0,0,1.0,0.0
0,1,0.06728225599809605,0.9327177440019039
0,0,0.9999999404194542,5.9580545863924624e-08
0,0,0.9913836845774862,0.008616315422513931
0,1,0.09342359696769933,0.9065764030323007
1,1,0.030323338238848484,0.9696766617611515
0,0,1.0,0.0
1,1,0.03967874167417974,0.9603212583258203
1,1,0.08116946502391502,0.9188305349760849
0,0,0.9999998631895406,1.3681045941174776e-07
1,1,0.2580315962197583,0.7419684037802418
0,0,0.8349406529245409,0.16505934707545908
1,1,0.04396039923560684,0.9560396007643931
0,0,0.9915714686680661,0.008428531331933943
1,1,0.013444952856049677,0.9865550471439504
0,0,1.0,0.0
1,0,1.0,0.0
1,1,0.020518108623753566,0.9794818913762465
1,1,0.025784024871757506,0.9742159751282425
0,0,1.0,0.0
0,0,0.991018119488867,0.00898188051113297
0,0,0.9995901877714715,0.0004098122285285867
1,1,0.19310140163846368,0.8068985983615363
0,0,1.0,0.0
0,0,1.0,0.0
0,0,0.9999999679000584,3.209994155866506e-08
0,0,1.0,0.0
0,0,1.0,0.0
0,0,1.0,0.0
0,0,0.7930532515263178,0.20694674847368216
0,0,0.9047471028910103,0.0952528971089897
1,1,0.2658386320485496,0.7341613679514505
0,0,0.999415024254661,0.0005849757453390455
0,0,1.0,0.0
0,0,1.0,0.0
0,0,1.0,0.0
1,1,0.01060984067531667,0.9893901593246833
0,1,0.4349979729382435,0.5650020270617565
0,0,0.9023437046805862,0.0976562953194138
0,0,0.9865396382149328,0.013460361785067135
0,0,0.6972887213292197,0.3027112786707804
0,0,1.0,0.0
0,0,0.9999999307854057,6.921459431591732e-08
0,0,0.8452192755445567,0.15478072445544339
0,0,0.5751240024450571,0.4248759975549429
0,1,0.21773107851108794,0.782268921488912
0,0,1.0,0.0
0,0,1.0,0.0
0,0,0.9999999037199424,9.628005770991705e-08
1,1,0.19764089004619004,0.80235910995381
0,1,0.02315921275198338,0.9768407872480167
0,0,0.7694994466528184,0.23050055334718164
0,0,1.0,0.0
1,0,0.9900620374756431,0.00993796252435685
1,1,0.40985737343357337,0.5901426265664267
0,0,0.9780059074369013,0.021994092563098724
1,1,0.023474502932729593,0.9765254970672703
0,0,0.9651918307292857,0.0348081692707143
0,0,1.0,0.0
0,0,0.9999991694847362,8.305152637895608e-07
0,0,0.9999999708698558,2.9130144135683025e-08
0,0,0.8480526014336953,0.15194739856630463
0,0,0.9603490339337779,0.039650966066222065
0,1,0.4786421353934885,0.5213578646065116
1,0,0.9838631481183141,0.016136851881685867
0,0,1.0,0.0
0,0,1.0,0.0
0,0,1.0,0.0
1,1,0.019549756050838724,0.9804502439491611
1,0,0.9868893837906955,0.013110616209304444
0,0,1.0,0.0
0,0,0.9973173861694872,0.0026826138305128654
0,0,1.0,0.0
1,1,0.02797994454464931,0.9720200554553506
0,0,0.9760327225969379,0.02396727740306215
0,0,1.0,0.0
1,0,0.6560526493894089,0.34394735061059123
0,0,0.9894111963704252,0.010588803629574713
0,0,1.0,0.0
0,0,1.0,0.0
0,0,1.0,0.0
1,1,0.15081022028245444,0.8491897797175455
0,0,1.0,0.0
0,1,0.23221376557792045,0.7677862344220795
1,1,0.07996110481664263,0.9200388951833574
1,1,0.4118805038664748,0.5881194961335252
1,0,0.5221193921522914,0.4778806078477087
0,0,0.8751122847356191,0.12488771526438079
0,0,0.6636692692691963,0.33633073073080366
0,0,1.0,0.0
0,0,0.5770464902388683,0.4229535097611317
0,0,0.9909849527762853,0.009015047223714741
1,1,0.09617729204075867,0.9038227079592415
0,0,1.0,0.0
0,0,1.0,0.0
0,1,0.46197537764497565,0.5380246223550244
0,0,0.9969459760616365,0.0030540239383634693
0,0,1.0,0.0
0,0,1.0,0.0
1,0,0.9994059243053894,0.0005940756946104843
0,0,1.0,0.0
0,0,1.0,0.0
1,0,0.9844786255967527,0.015521374403247277
0,0,1.0,0.0
0,0,0.6944513056379737,0.30554869436202614
0,0,0.9939145919611039,0.006085408038896072
0,1,0.1860208840910557,0.8139791159089443
0,0,0.87559482900576,0.12440517099423999
1,1,0.021034610485084232,0.9789653895149157
0,1,0.03155128473131623,0.9684487152686837
0,0,0.6329658140951502,0.36703418590484993
0,0,0.9969635181437065,0.0030364818562935323
0,0,1.0,0.0
1,1,0.0026036694239902885,0.9973963305760097
0,0,0.9999999160901405,8.390985954151364e-08
0,0,0.6435198158423006,0.35648018415769955
0,0,0.999736191408479,0.0002638085915209291
0,0,1.0,0.0
0,0,0.9954498814899612,0.004550118510038858
1,0,0.9826778827196775,0.017322117280322565
0,1,0.060399037743149205,0.9396009622568509
0,0,0.5745931586376445,0.42540684136235557
0,0,0.6347373369284537,0.3652626630715462
0,1,0.4960980070269791,0.503901992973021
0,0,1.0,0.0
0,0,1.0,0.0
0,1,0.0576342311975839,0.9423657688024162
0,0,0.9992260308075348,0.0007739691924652342
0,0,1.0,0.0
0,0,1.0,0.0
0,0,1.0,0.0
0,0,0.9999998798272269,1.2017277311205465e-07
0,0,1.0,0.0
0,0,1.0,0.0
1,0,1.0,0.0
1,0,1.0,0.0
0,0,1.0,0.0
0,0,1.0,0.0
0,0,0.9997491675715527,0.0002508324284472867
0,0,0.9991858881366927,0.0008141118633072635
0,0,0.9995280570923725,0.0004719429076276272
0,0,1.0,0.0
0,0,0.9994414449385028,0.0005585550614971509
0,0,0.9991167104007754,0.0008832895992245662
0,0,0.7566196521056386,0.24338034789436144
1,1,0.047301300576004526,0.9526986994239954
0,0,0.9999999484196728,5.158032715014618e-08
0,0,0.9924447719541688,0.007555228045831158
0,0,0.811555449517429,0.188444550482571
0,0,0.9200493192798148,0.07995068072018519
1,0,1.0,0.0
1,1,0.0486134816306418,0.9513865183693583
0,0,1.0,0.0
0,0,0.9963780682612476,0.003621931738752361
1,0,0.7371711683080345,0.26282883169196536
0,0,0.9997372668162374,0.00026273318376263935
1,1,0.022616819421295557,0.9773831805787043
0,0,1.0,0.0
0,0,1.0,0.0
1,0,0.5716744555607868,0.4283255444392133
1,0,0.5683653902428281,0.43163460975717194
1,1,0.008406861242180232,0.9915931387578197
1,1,0.01628646330197,0.98371353669803
0,0,0.9682321758610983,0.031767824138901696
1,0,0.6178942782338097,0.3821057217661903
1,1,0.38480100514802923,0.6151989948519708
0,0,1.0,0.0
0,1,0.2623883220229867,0.7376116779770132
0,0,0.5181975172698016,0.48180248273019827
1,0,0.988554410238465,0.011445589761535058
0,0,1.0,0.0
0,0,0.9959993952571742,0.004000604742825823
0,0,0.5612311745216637,0.4387688254783363
0,0,0.9998148084991019,0.00018519150089818537
0,0,1.0,0.0
1,0,0.7232479288422449,0.27675207115775513
0,0,1.0,0.0
0,1,0.26976808865115054,0.7302319113488495
0,0,0.9955595285745293,0.004440471425470683
0,0,1.0,0.0
0,0,1.0,0.0
0,0,1.0,0.0
0,0,1.0,0.0
0,0,1.0,0.0
0,0,0.9996511900459238,0.00034880995407622465
0,0,0.8887733829964011,0.11122661700359895
0,0,0.9995986341313468,0.0004013658686533005
0,0,1.0,0.0
1,1,0.01275773374485893,0.9872422662551412
0,0,0.9885402268487775,0.011459773151222532
0,0,1.0,0.0
0,0,1.0,0.0
0,0,0.6499996841316712,0.3500003158683288
0,0,1.0,0.0
0,0,0.9944935960881706,0.005506403911829391
1,1,0.17676833493262065,0.8232316650673793
0,0,0.9999999511800199,4.881998008406332e-08
1,1,0.2258880663140953,0.7741119336859047
0,0,0.9998495455208963,0.00015045447910361562
0,0,1.0,0.0
0,0,1.0,0.0
1,0,0.797392643381668,0.2026073566183319
0,0,0.9994981401744358,0.000501859825564093
0,0,0.9996998677249751,0.00030013227502489125
1,0,0.9922975646887296,0.0077024353112704535
1,0,0.9317208040427012,0.06827919595729876
0,0,0.9882020519549869,0.011797948045013204
0,1,0.061411253357629224,0.9385887466423708
0,0,0.9999993591959649,6.408040351131709e-07
0,0,0.9998496578274915,0.00015034217250856286
0,0,1.0,0.0
0,0,0.9999970593440939,2.9406559061007596e-06
1,1,0.03183518535978577,0.9681648146402142
0,0,1.0,0.0
1,1,0.25258301706119,0.74741698293881
1,1,0.028591606245912032,0.9714083937540879
0,0,0.6079736821828233,0.3920263178171767
0,0,0.999369429924538,0.0006305700754619498
0,0,0.6325364212674937,0.3674635787325063
0,0,0.9911831825446902,0.008816817455309869
0,0,1.0,0.0
0,0,1.0,0.0
0,0,0.9908734339871921,0.009126566012807919
0,0,0.9962388604732509,0.0037611395267489467
0,0,0.9999999273260519,7.267394811913406e-08
0,0,1.0,0.0
0,0,0.979440352194803,0.02055964780519693
0,0,0.999405331856339,0.0005946681436610125
0,0,0.9957323448582566,0.004267655141743457
1,0,0.9981711881622923,0.0018288118377076557
0,0,1.0,0.0
0,0,1.0,0.0
0,0,0.9999999344034525,6.559654748715844e-08
0,0,0.9999981424839055,1.8575160944015067e-06
1,0,0.9359108515060099,0.06408914849399006
0,0,0.9821034055956048,0.017896594404395127
0,0,1.0,0.0
0,0,0.9096828049405888,0.09031719505941108
0,0,1.0,0.0
0,0,1.0,0.0
0,0,0.9960707136010836,0.003929286398916439
0,0,0.8945691964681209,0.10543080353187911
1,0,1.0,0.0
1,0,0.5979084915554299,0.40209150844457003
0,0,1.0,0.0
0,0,0.9039622890004083,0.0960377109995916
0,1,0.05051546890949221,0.9494845310905078
0,1,0.3375922035734943,0.6624077964265056
1,1,0.008168554942644703,0.9918314450573552
0,0,1.0,0.0
0,0,0.9999993619839117,6.380160884024965e-07
0,0,0.9907337132807328,0.009266286719267259
0,0,0.7360393574697195,0.26396064253028045
0,0,0.998779647532269,0.0012203524677309938
0,1,0.04970749983870163,0.9502925001612984
0,0,0.9971845715497664,0.00281542845023368
1,0,0.9065706414858008,0.09342935851419926
0,0,0.9999998992712034,1.0072879671175803e-07
0,0,1.0,0.0
0,0,1.0,0.0
0,0,0.9966319222758763,0.0033680777241237884
1,0,1.0,0.0
0,0,0.9894034784608073,0.010596521539192683
0,0,0.9919133605943504,0.00808663940564966
0,0,0.8136882107966485,0.18631178920335134
1,1,0.05134138772722429,0.9486586122727756
0,0,0.9478035601098165,0.05219643989018344
0,0,0.8895443403012261,0.11045565969877395
0,0,0.9999972089477708,2.791052229172204e-06
0,0,0.9873049790583153,0.012695020941684768
1,0,0.7451276087642051,0.2548723912357949
1,1,0.2291004951827094,0.7708995048172906
0,0,1.0,0.0
0,0,0.9999973758694345,2.6241305654872805e-06
0,0,0.9885999271907839,0.011400072809216065
0,0,0.7109594108018907,0.28904058919810927
0,0,0.935357139928674,0.06464286007132591
0,0,0.6532760341959338,0.34672396580406617
0,0,0.6463786734707625,0.35362132652923756
0,0,0.9972176097035059,0.0027823902964941665
1,0,0.891625341247668,0.108374658752332
0,0,0.9988315939618655,0.001168406038134554
0,0,0.6578252040722804,0.34217479592771954
1,0,0.714743612500953,0.285256387499047
0,0,0.7140928997586304,0.28590710024136956
1,1,0.02718677387229007,0.97281322612771
0,0,1.0,0.0
0,1,0.052410973762355303,0.9475890262376446
1,0,0.9188486756785784,0.08115132432142158
0,0,1.0,0.0
0,0,0.9896246483446047,0.010375351655395274
0,0,1.0,0.0
1,0,0.8171757056378658,0.18282429436213424
0,0,1.0,0.0
1,0,0.5119114776975261,0.488088522302474
0,0,1.0,0.0
0,0,0.9326957430063827,0.06730425699361726
0,0,0.9525057749989397,0.0474942250010602
0,0,1.0,0.0
0,0,0.8679970554847777,0.1320029445152223
0,1,0.14822771430903886,0.8517722856909612
1,0,1.0,0.0
1,1,0.04119333666278887,0.9588066633372111
1,1,0.18756718549216234,0.8124328145078377
1,0,0.8655955659573339,0.13440443404266608
0,0,0.9424475656409929,0.057552434359007205
0,0,1.0,0.0
0,0,0.9999999454120624,5.4587937539689036e-08
1,1,0.011135204782666155,0.9888647952173338
0,0,0.9963231717315914,0.0036768282684085693
0,0,0.7345403253513239,0.26545967464867615
0,0,1.0,0.0
0,1,0.028316031527808105,0.9716839684721919
0,0,0.9894029096308653,0.010597090369134728
0,0,1.0,0.0
1,0,0.9895492485236621,0.010450751476337986
0,1,0.04170171091259005,0.95829828908741
0,0,0.7939407434581938,0.20605925654180612
1,1,0.42000227296722886,0.5799977270327712
1,0,0.8842668211449494,0.11573317885505068
0,0,1.0,0.0
0,1,0.43879131697136686,0.561208683028633
0,0,0.9777964085198608,0.02220359148013922
0,0,1.0,0.0
0,0,1.0,0.0
0,0,0.982388396758052,0.017611603241948114
0,0,0.6458006368128367,0.3541993631871633
0,1,0.3827396287415176,0.6172603712584823
0,0,1.0,0.0
0,0,1.0,0.0
0,0,0.7831501946348843,0.21684980536511572
1,1,0.026416108425763835,0.9735838915742362
1,0,0.5831889776189687,0.41681102238103124
0,0,0.9999998480996142,1.5190038586146824e-07
1,1,0.45540905701552403,0.544590942984476
0,0,1.0,0.0
1,1,0.0823015757635037,0.9176984242364963
0,0,1.0,0.0
1,0,0.5351909578817592,0.46480904211824087
0,0,0.7983847811393415,0.2016152188606584
1,0,0.5042430561117355,0.4957569438882645
0,0,0.9735092922983927,0.026490707701607365
1,1,0.012176595928177936,0.987823404071822
0,0,0.7288984758117023,0.27110152418829764
0,0,1.0,0.0
1,0,0.9168019259407729,0.08319807405922709
1,0,1.0,0.0
1,1,0.05150413564151635,0.9484958643584837
1,0,1.0,0.0
1,1,0.2549785755696834,0.7450214244303165
0,0,1.0,0.0
1,0,0.5752027257648171,0.4247972742351828
0,0,0.9941077935657411,0.005892206434258933
0,0,0.9999998459440401,1.5405595987845305e-07
0,0,0.9997294769683216,0.0002705230316784803
0,0,1.0,0.0
0,0,1.0,0.0
1,0,0.8963394572807992,0.1036605427192008
1,0,0.7718588306233986,0.22814116937660142
0,0,1.0,0.0
0,1,0.45650742979848663,0.5434925702015134
1,0,0.7434915244601673,0.2565084755398327
0,0,1.0,0.0
0,0,0.996770428853886,0.003229571146114037
0,0,0.9976230560836986,0.002376943916301437
0,0,1.0,0.0
0,0,1.0,0.0
0,0,1.0,0.0
0,0,0.9405813470343015,0.05941865296569834
0,0,1.0,0.0
0,0,1.0,0.0
1,0,1.0,0.0
0,0,0.9979136586600718,0.002086341339928346
1,1,0.022708387601331276,0.9772916123986688
0,0,0.9999998993375316,1.0066246838450744e-07
0,0,1.0,0.0
1,1,0.03476723588041705,0.9652327641195829
0,0,0.999999950473184,4.9526815965519815e-08
0,0,1.0,0.0
0,0,0.7649879291203635,0.23501207087963658
0,0,1.0,0.0
1,0,0.7045577836189919,0.29544221638100815
0,1,0.07396298841373712,0.9260370115862628
1,1,0.27625054479082933,0.7237494552091707
0,0,0.996429188050233,0.00357081194976693
0,0,0.9994988679557238,0.0005011320442762636
0,1,0.04437725275317022,0.9556227472468297
1,1,0.2792639828319472,0.7207360171680528
0,0,0.9886795255250838,0.011320474474916282
0,0,0.9974563153367483,0.002543684663251703
1,1,0.014196321194923027,0.985803678805077
0,1,0.39581067433791933,0.6041893256620806
1,1,0.0465427556763612,0.9534572443236389
